<?xml version="1.0" encoding="UTF-8"?>
<beans xmlns="http://www.springframework.org/schema/beans"
	xmlns:xsi="http://www.w3.org/2001/XMLSchema-instance"
	xmlns:context="http://www.springframework.org/schema/context"
	xmlns:jdbc="http://www.springframework.org/schema/jdbc"
	xmlns:aop="http://www.springframework.org/schema/aop"
	xmlns:mybatis-spring="http://mybatis.org/schema/mybatis-spring"
	xsi:schemaLocation="http://www.springframework.org/schema/jdbc http://www.springframework.org/schema/jdbc/spring-jdbc-4.3.xsd
		http://mybatis.org/schema/mybatis-spring http://mybatis.org/schema/mybatis-spring-1.2.xsd
		http://www.springframework.org/schema/beans https://www.springframework.org/schema/beans/spring-beans.xsd
		http://www.springframework.org/schema/context http://www.springframework.org/schema/context/spring-context-3.1.xsd
		http://www.springframework.org/schema/aop http://www.springframework.org/schema/aop/spring-aop-3.1.xsd">
	
	<!-- Root Context: defines shared resources visible to all other web components -->
		<bean id="dataSource"
        class="org.springframework.jdbc.datasource.DriverManagerDataSource">
        <property name="driverClassName"
            value="net.sf.log4jdbc.sql.jdbcapi.DriverSpy"></property>
        <property name="url"
            value="jdbc:log4jdbc:mariadb://127.0.0.1:3306/theater" />
        <property name="username" value="root" />
        <property name="password" value="devfunpj" />
    </bean>
 
 
    <bean id="sqlSessionFactory"
        class="org.mybatis.spring.SqlSessionFactoryBean">
        <property name="dataSource" ref="dataSource"></property>
        <property name="configLocation"
            value="classpath:/mybatis/mybatis-config.xml"></property>
        <property name="mapperLocations"
            value="classpath*:/mybatis/sql/*.xml"></property>
    </bean>
 
    <bean id="sqlSession"
        class="org.mybatis.spring.SqlSessionTemplate">
        <constructor-arg name="sqlSessionFactory"
            ref="sqlSessionFactory"></constructor-arg>
    </bean>
 
    <!-- <mybatis-spring:scan base-package="com.devfun.dao" /> -->
    <context:component-scan
        base-package="com.devfun.dao"></context:component-scan>
    <context:component-scan
        base-package="com.devfun.service"></context:component-scan>
</beans>
